{
    "data": {
        "contentRoute": {
            "__typename": "ContentRouteResult",
            "listedPathData": {
                "__typename": "ContentRouteData",
                "content": null,
                "course": {
                    "__typename": "Course",
                    "contentKind": "Course",
                    "courseChallenge": null,
                    "curation": {
                        "__typename": "CurationData",
                        "excludedChildren": [],
                        "hideCommunityQuestions": false,
                        "hideSubjectIntro": false,
                        "modules": [
                            {
                                "__typename": "CourseIntroModule",
                                "callToAction": "",
                                "description": "碳能与自身和其它元素形成共价键得到令人惊奇的构造.在有机化学里,我们将学到化学家用来合成各种神奇的碳基物的反应,同时学习分析这些碳基物特性的方法.我们还要思考那些反应是如何在分子层面上以何种反应机制发生的.简单说,有机化学就好像做分子乐高游戏.让我们打造美丽的有机分子吧！",
                                "kind": "SubjectIntro",
                                "link": "",
                                "title": "有机化学简介",
                                "untranslatedFields": [],
                                "video": ""
                            }
                        ],
                        "sponsorFooterAttribution": null
                    },
                    "iconPath": "https://cdn.kastatic.org/genfiles/topic-icons/icons/chemistry_flask.png-840f09-128c.png",
                    "id": "x1079cbfa",
                    "isListedForLearners": true,
                    "lowerToc": true,
                    "masterableExercises": null,
                    "masteryChallenge": null,
                    "masteryEnabled": false,
                    "parent": {
                        "__typename": "Topic",
                        "contentKind": "Domain",
                        "id": "xb92336a2",
                        "relativeUrl": "/science",
                        "slug": "science",
                        "translatedTitle": "科学"
                    },
                    "relativeUrl": "/science/organic-chemistry",
                    "slug": "organic-chemistry",
                    "translatedCustomTitleTag": "",
                    "translatedDescription": "Sal 和 Jay 将讲述大学有机化学课上的内容。需要对高中或者大学化学有基本的了解（将会有一些复习）。",
                    "translatedTitle": "有机化学",
                    "unitChildren": [
                        {
                            "__typename": "Unit",
                            "allOrderedChildren": [
                                {
                                    "__typename": "Lesson",
                                    "curatedChildren": [
                                        {
                                            "__typename": "Video",
                                            "canonicalUrl": "/science/organic-chemistry/gen-chem-review/dot-strcutures-jay/v/dot-structures-i-single-bonds-1",
                                            "contentDescriptor": "Video:1288848684",
                                            "contentKind": "Video",
                                            "id": "1288848684",
                                            "parentTopic": {
                                                "__typename": "Topic",
                                                "id": "xcef4894d",
                                                "parent": {
                                                    "__typename": "Topic",
                                                    "id": "x05fcddcb",
                                                    "masteryEnabled": false
                                                }
                                            },
                                            "progressKey": "v1288848684",
                                            "slug": "dot-structures-i-single-bonds-1",
                                            "translatedCustomTitleTag": "",
                                            "translatedDescription": "如何使用点来表示价电子来画单键。",
                                            "translatedTitle": "点结构1：单键",
                                            "urlWithinCurationNode": "/science/organic-chemistry/gen-chem-review/dot-strcutures-jay/v/dot-structures-i-single-bonds-1"
                                        }
                                    ],
                                    "id": "xcef4894d",
                                    "key": "ag5zfmtoYW4tYWNhZGVteXIUCxIFVG9waWMiCXhjZWY0ODk0ZAw",
                                    "relativeUrl": "/science/organic-chemistry/gen-chem-review/dot-strcutures-jay",
                                    "slug": "dot-strcutures-jay",
                                    "translatedDescription": "",
                                    "translatedTitle": "路易斯点结构"
                                },
                                {
                                    "__typename": "Lesson",
                                    "curatedChildren": [
                                        {
                                            "__typename": "Video",
                                            "canonicalUrl": "/science/organic-chemistry/gen-chem-review/hybrid-orbitals-jay/v/sp3-hybridized-orbitals-and-sigma-bonds",
                                            "contentDescriptor": "Video:2600611",
                                            "contentKind": "Video",
                                            "id": "2600611",
                                            "parentTopic": {
                                                "__typename": "Topic",
                                                "id": "x889db602",
                                                "parent": {
                                                    "__typename": "Topic",
                                                    "id": "x05fcddcb",
                                                    "masteryEnabled": false
                                                }
                                            },
                                            "progressKey": "v2600611",
                                            "slug": "sp3-hybridized-orbitals-and-sigma-bonds",
                                            "translatedCustomTitleTag": "",
                                            "translatedDescription": "sp3 杂化轨道和σ键",
                                            "translatedTitle": "sp3 杂化轨道和σ键",
                                            "urlWithinCurationNode": "/science/organic-chemistry/gen-chem-review/hybrid-orbitals-jay/v/sp3-hybridized-orbitals-and-sigma-bonds"
                                        },
                                        {
                                            "__typename": "Video",
                                            "canonicalUrl": "/science/organic-chemistry/gen-chem-review/hybrid-orbitals-jay/v/pi-bonds-and-sp2-hybridized-orbitals",
                                            "contentDescriptor": "Video:2600612",
                                            "contentKind": "Video",
                                            "id": "2600612",
                                            "parentTopic": {
                                                "__typename": "Topic",
                                                "id": "x889db602",
                                                "parent": {
                                                    "__typename": "Topic",
                                                    "id": "x05fcddcb",
                                                    "masteryEnabled": false
                                                }
                                            },
                                            "progressKey": "v2600612",
                                            "slug": "pi-bonds-and-sp2-hybridized-orbitals",
                                            "translatedCustomTitleTag": "",
                                            "translatedDescription": "π键和sp2杂化轨道",
                                            "translatedTitle": "π键和sp2杂化轨道",
                                            "urlWithinCurationNode": "/science/organic-chemistry/gen-chem-review/hybrid-orbitals-jay/v/pi-bonds-and-sp2-hybridized-orbitals"
                                        },
                                        {
                                            "__typename": "Video",
                                            "canonicalUrl": "/science/organic-chemistry/gen-chem-review/hybrid-orbitals-jay/v/tetrahedral-bond-angle-proof",
                                            "contentDescriptor": "Video:1262226504",
                                            "contentKind": "Video",
                                            "id": "1262226504",
                                            "parentTopic": {
                                                "__typename": "Topic",
                                                "id": "x889db602",
                                                "parent": {
                                                    "__typename": "Topic",
                                                    "id": "x05fcddcb",
                                                    "masteryEnabled": false
                                                }
                                            },
                                            "progressKey": "v1262226504",
                                            "slug": "tetrahedral-bond-angle-proof",
                                            "translatedCustomTitleTag": "",
                                            "translatedDescription": "甲烷（四面体分子）中键角的数学证明。",
                                            "translatedTitle": "四面体键角角度证明",
                                            "urlWithinCurationNode": "/science/organic-chemistry/gen-chem-review/hybrid-orbitals-jay/v/tetrahedral-bond-angle-proof"
                                        }
                                    ],
                                    "id": "x889db602",
                                    "key": "ag5zfmtoYW4tYWNhZGVteXIUCxIFVG9waWMiCXg4ODlkYjYwMgw",
                                    "relativeUrl": "/science/organic-chemistry/gen-chem-review/hybrid-orbitals-jay",
                                    "slug": "hybrid-orbitals-jay",
                                    "translatedDescription": "",
                                    "translatedTitle": "杂化轨道"
                                }
                            ],
                            "iconPath": "https://cdn.kastatic.org/genfiles/topic-icons/icons/chemistry_flask.png-840f09-128c.png",
                            "id": "x05fcddcb",
                            "isListedForLearners": true,
                            "masteryEnabled": false,
                            "relativeUrl": "/science/organic-chemistry/gen-chem-review",
                            "slug": "gen-chem-review",
                            "translatedCustomTitleTag": "",
                            "translatedDescription": "让我们回顾一下化学键的基础知识，包括点结构、杂化化、键线结构、电负性和极性。我们还将讨论成键和分子间力与沸点等物理性质的关系。",
                            "translatedTitle": "结构和化学键",
                            "unlistedAncestorIds": null
                        },
                        {
                            "__typename": "Unit",
                            "allOrderedChildren": [],
                            "iconPath": "https://cdn.kastatic.org/genfiles/topic-icons/icons/chemistry_flask.png-840f09-128c.png",
                            "id": "xb32d9a90",
                            "isListedForLearners": false,
                            "masteryEnabled": false,
                            "relativeUrl": "/science/organic-chemistry/organic-structures",
                            "slug": "organic-structures",
                            "translatedCustomTitleTag": "",
                            "translatedDescription": "一起来复习如何使用正式电荷、氧化态、氧化还原反应、共振式来了解电荷。同时我们也会复习酸碱化学的原理。",
                            "translatedTitle": "共振和酸碱化学",
                            "unlistedAncestorIds": [
                                "x00000000",
                                "x1079cbfa",
                                "xb92336a2"
                            ]
                        },
                        {
                            "__typename": "Unit",
                            "allOrderedChildren": [
                                {
                                    "__typename": "Lesson",
                                    "curatedChildren": [
                                        {
                                            "__typename": "Video",
                                            "canonicalUrl": "/science/biology/properties-of-carbon/carbon/v/representing-structures-of-organic-molecules",
                                            "contentDescriptor": "Video:2600599",
                                            "contentKind": "Video",
                                            "id": "2600599",
                                            "parentTopic": {
                                                "__typename": "Topic",
                                                "id": "x4f96b2a4",
                                                "parent": {
                                                    "__typename": "Topic",
                                                    "id": "x3b0a9408",
                                                    "masteryEnabled": false
                                                }
                                            },
                                            "progressKey": "v2600599",
                                            "slug": "representing-structures-of-organic-molecules",
                                            "translatedCustomTitleTag": "",
                                            "translatedDescription": "使用线（或者线角）来表示有机分子的结构。 ",
                                            "translatedTitle": "有机分子结构的表示",
                                            "urlWithinCurationNode": "/science/organic-chemistry/bond-line-structures-alkanes-cycloalkanes/naming-alkanes/v/representing-structures-of-organic-molecules"
                                        },
                                        {
                                            "__typename": "Video",
                                            "canonicalUrl": "/science/organic-chemistry/bond-line-structures-alkanes-cycloalkanes/naming-alkanes/v/naming-simple-alkanes",
                                            "contentDescriptor": "Video:2600600",
                                            "contentKind": "Video",
                                            "id": "2600600",
                                            "parentTopic": {
                                                "__typename": "Topic",
                                                "id": "x69d8363e",
                                                "parent": {
                                                    "__typename": "Topic",
                                                    "id": "x84cadce3",
                                                    "masteryEnabled": false
                                                }
                                            },
                                            "progressKey": "v2600600",
                                            "slug": "naming-simple-alkanes",
                                            "translatedCustomTitleTag": "",
                                            "translatedDescription": "简单的线性烷烃和环烷烃的命名",
                                            "translatedTitle": "简单的烷烃的命名",
                                            "urlWithinCurationNode": "/science/organic-chemistry/bond-line-structures-alkanes-cycloalkanes/naming-alkanes/v/naming-simple-alkanes"
                                        },
                                        {
                                            "__typename": "Video",
                                            "canonicalUrl": "/science/organic-chemistry/bond-line-structures-alkanes-cycloalkanes/naming-alkanes/v/correction-2-propylheptane-should-never-be-the-name",
                                            "contentDescriptor": "Video:2600602",
                                            "contentKind": "Video",
                                            "id": "2600602",
                                            "parentTopic": {
                                                "__typename": "Topic",
                                                "id": "x69d8363e",
                                                "parent": {
                                                    "__typename": "Topic",
                                                    "id": "x84cadce3",
                                                    "masteryEnabled": false
                                                }
                                            },
                                            "progressKey": "v2600602",
                                            "slug": "correction-2-propylheptane-should-never-be-the-name",
                                            "translatedCustomTitleTag": "",
                                            "translatedDescription": "更正- 名称不能是 2-丙基七烷！",
                                            "translatedTitle": "更正- 名称不能是 2-丙基七烷！",
                                            "urlWithinCurationNode": "/science/organic-chemistry/bond-line-structures-alkanes-cycloalkanes/naming-alkanes/v/correction-2-propylheptane-should-never-be-the-name"
                                        },
                                        {
                                            "__typename": "Video",
                                            "canonicalUrl": "/science/organic-chemistry/bond-line-structures-alkanes-cycloalkanes/naming-alkanes/v/common-and-systematic-naming-iso-sec-and-tert-prefixes",
                                            "contentDescriptor": "Video:2600603",
                                            "contentKind": "Video",
                                            "id": "2600603",
                                            "parentTopic": {
                                                "__typename": "Topic",
                                                "id": "x69d8363e",
                                                "parent": {
                                                    "__typename": "Topic",
                                                    "id": "x84cadce3",
                                                    "masteryEnabled": false
                                                }
                                            },
                                            "progressKey": "v2600603",
                                            "slug": "common-and-systematic-naming-iso-sec-and-tert-prefixes",
                                            "translatedCustomTitleTag": "",
                                            "translatedDescription": "常见英文命名系统：iso-, sec- 和 tert 前缀",
                                            "translatedTitle": "常见英文命名系统：iso-, sec- 和 tert 前缀",
                                            "urlWithinCurationNode": "/science/organic-chemistry/bond-line-structures-alkanes-cycloalkanes/naming-alkanes/v/common-and-systematic-naming-iso-sec-and-tert-prefixes"
                                        },
                                        {
                                            "__typename": "Video",
                                            "canonicalUrl": "/science/organic-chemistry/bond-line-structures-alkanes-cycloalkanes/naming-alkanes/v/organic-chemistry-naming-examples-2",
                                            "contentDescriptor": "Video:2600605",
                                            "contentKind": "Video",
                                            "id": "2600605",
                                            "parentTopic": {
                                                "__typename": "Topic",
                                                "id": "x69d8363e",
                                                "parent": {
                                                    "__typename": "Topic",
                                                    "id": "x84cadce3",
                                                    "masteryEnabled": false
                                                }
                                            },
                                            "progressKey": "v2600605",
                                            "slug": "organic-chemistry-naming-examples-2",
                                            "translatedCustomTitleTag": "",
                                            "translatedDescription": "有机化学里带分支和环的命名示例",
                                            "translatedTitle": "有机化学命名示例2",
                                            "urlWithinCurationNode": "/science/organic-chemistry/bond-line-structures-alkanes-cycloalkanes/naming-alkanes/v/organic-chemistry-naming-examples-2"
                                        },
                                        {
                                            "__typename": "Video",
                                            "canonicalUrl": "/science/organic-chemistry/bond-line-structures-alkanes-cycloalkanes/naming-alkanes/v/organic-chemistry-naming-examples-3",
                                            "contentDescriptor": "Video:2600606",
                                            "contentKind": "Video",
                                            "id": "2600606",
                                            "parentTopic": {
                                                "__typename": "Topic",
                                                "id": "x69d8363e",
                                                "parent": {
                                                    "__typename": "Topic",
                                                    "id": "x84cadce3",
                                                    "masteryEnabled": false
                                                }
                                            },
                                            "progressKey": "v2600606",
                                            "slug": "organic-chemistry-naming-examples-3",
                                            "translatedCustomTitleTag": "",
                                            "translatedDescription": "有机化学里带分支和环的命名示例",
                                            "translatedTitle": "有机化学命名示例3",
                                            "urlWithinCurationNode": "/science/organic-chemistry/bond-line-structures-alkanes-cycloalkanes/naming-alkanes/v/organic-chemistry-naming-examples-3"
                                        },
                                        {
                                            "__typename": "Video",
                                            "canonicalUrl": "/science/organic-chemistry/bond-line-structures-alkanes-cycloalkanes/naming-alkanes/v/organic-chemistry-naming-examples-5",
                                            "contentDescriptor": "Video:2600608",
                                            "contentKind": "Video",
                                            "id": "2600608",
                                            "parentTopic": {
                                                "__typename": "Topic",
                                                "id": "x69d8363e",
                                                "parent": {
                                                    "__typename": "Topic",
                                                    "id": "x84cadce3",
                                                    "masteryEnabled": false
                                                }
                                            },
                                            "progressKey": "v2600608",
                                            "slug": "organic-chemistry-naming-examples-5",
                                            "translatedCustomTitleTag": "",
                                            "translatedDescription": "有机化学命名示例4",
                                            "translatedTitle": "有机化学命名示例4",
                                            "urlWithinCurationNode": "/science/organic-chemistry/bond-line-structures-alkanes-cycloalkanes/naming-alkanes/v/organic-chemistry-naming-examples-5"
                                        }
                                    ],
                                    "id": "x69d8363e",
                                    "key": "ag5zfmtoYW4tYWNhZGVteXIUCxIFVG9waWMiCXg2OWQ4MzYzZQw",
                                    "relativeUrl": "/science/organic-chemistry/bond-line-structures-alkanes-cycloalkanes/naming-alkanes",
                                    "slug": "naming-alkanes",
                                    "translatedDescription": "",
                                    "translatedTitle": "烷烃的命名"
                                },
                                {
                                    "__typename": "Lesson",
                                    "curatedChildren": [
                                        {
                                            "__typename": "Video",
                                            "canonicalUrl": "/science/organic-chemistry/bond-line-structures-alkanes-cycloalkanes/conformations-alkanes-cycloalkanes/v/newman-projections",
                                            "contentDescriptor": "Video:2600613",
                                            "contentKind": "Video",
                                            "id": "2600613",
                                            "parentTopic": {
                                                "__typename": "Topic",
                                                "id": "x31eded36",
                                                "parent": {
                                                    "__typename": "Topic",
                                                    "id": "x84cadce3",
                                                    "masteryEnabled": false
                                                }
                                            },
                                            "progressKey": "v2600613",
                                            "slug": "newman-projections",
                                            "translatedCustomTitleTag": "",
                                            "translatedDescription": "纽曼投影式",
                                            "translatedTitle": "纽曼投影式",
                                            "urlWithinCurationNode": "/science/organic-chemistry/bond-line-structures-alkanes-cycloalkanes/conformations-alkanes-cycloalkanes/v/newman-projections"
                                        },
                                        {
                                            "__typename": "Video",
                                            "canonicalUrl": "/science/organic-chemistry/bond-line-structures-alkanes-cycloalkanes/conformations-alkanes-cycloalkanes/v/newman-projections-2",
                                            "contentDescriptor": "Video:2600614",
                                            "contentKind": "Video",
                                            "id": "2600614",
                                            "parentTopic": {
                                                "__typename": "Topic",
                                                "id": "x31eded36",
                                                "parent": {
                                                    "__typename": "Topic",
                                                    "id": "x84cadce3",
                                                    "masteryEnabled": false
                                                }
                                            },
                                            "progressKey": "v2600614",
                                            "slug": "newman-projections-2",
                                            "translatedCustomTitleTag": "",
                                            "translatedDescription": "纽曼投影式2",
                                            "translatedTitle": "纽曼投影式2",
                                            "urlWithinCurationNode": "/science/organic-chemistry/bond-line-structures-alkanes-cycloalkanes/conformations-alkanes-cycloalkanes/v/newman-projections-2"
                                        }
                                    ],
                                    "id": "x31eded36",
                                    "key": "ag5zfmtoYW4tYWNhZGVteXIUCxIFVG9waWMiCXgzMWVkZWQzNgw",
                                    "relativeUrl": "/science/organic-chemistry/bond-line-structures-alkanes-cycloalkanes/conformations-alkanes-cycloalkanes",
                                    "slug": "conformations-alkanes-cycloalkanes",
                                    "translatedDescription": "",
                                    "translatedTitle": "烷烃的构象"
                                },
                                {
                                    "__typename": "Lesson",
                                    "curatedChildren": [
                                        {
                                            "__typename": "Video",
                                            "canonicalUrl": "/science/organic-chemistry/bond-line-structures-alkanes-cycloalkanes/conformations/v/chair-and-boat-shapes-for-cyclohexane",
                                            "contentDescriptor": "Video:2600615",
                                            "contentKind": "Video",
                                            "id": "2600615",
                                            "parentTopic": {
                                                "__typename": "Topic",
                                                "id": "xde2fbe5d",
                                                "parent": {
                                                    "__typename": "Topic",
                                                    "id": "x84cadce3",
                                                    "masteryEnabled": false
                                                }
                                            },
                                            "progressKey": "v2600615",
                                            "slug": "chair-and-boat-shapes-for-cyclohexane",
                                            "translatedCustomTitleTag": "",
                                            "translatedDescription": "关于环己烷的椅子和船的形状",
                                            "translatedTitle": "关于环己烷的椅子和船的形状",
                                            "urlWithinCurationNode": "/science/organic-chemistry/bond-line-structures-alkanes-cycloalkanes/conformations/v/chair-and-boat-shapes-for-cyclohexane"
                                        },
                                        {
                                            "__typename": "Video",
                                            "canonicalUrl": "/science/organic-chemistry/bond-line-structures-alkanes-cycloalkanes/conformations/v/double-newman-diagram-for-methcyclohexane",
                                            "contentDescriptor": "Video:2600616",
                                            "contentKind": "Video",
                                            "id": "2600616",
                                            "parentTopic": {
                                                "__typename": "Topic",
                                                "id": "xde2fbe5d",
                                                "parent": {
                                                    "__typename": "Topic",
                                                    "id": "x84cadce3",
                                                    "masteryEnabled": false
                                                }
                                            },
                                            "progressKey": "v2600616",
                                            "slug": "double-newman-diagram-for-methcyclohexane",
                                            "translatedCustomTitleTag": "",
                                            "translatedDescription": "甲基环己烷的双纽曼图",
                                            "translatedTitle": "甲基环己烷的双纽曼图",
                                            "urlWithinCurationNode": "/science/organic-chemistry/bond-line-structures-alkanes-cycloalkanes/conformations/v/double-newman-diagram-for-methcyclohexane"
                                        }
                                    ],
                                    "id": "xde2fbe5d",
                                    "key": "ag5zfmtoYW4tYWNhZGVteXIUCxIFVG9waWMiCXhkZTJmYmU1ZAw",
                                    "relativeUrl": "/science/organic-chemistry/bond-line-structures-alkanes-cycloalkanes/conformations",
                                    "slug": "conformations",
                                    "translatedDescription": "",
                                    "translatedTitle": "环烷烃的构象"
                                }
                            ],
                            "iconPath": "https://cdn.kastatic.org/genfiles/topic-icons/icons/chemistry_flask.png-840f09-128c.png",
                            "id": "x84cadce3",
                            "isListedForLearners": true,
                            "masteryEnabled": false,
                            "relativeUrl": "/science/organic-chemistry/bond-line-structures-alkanes-cycloalkanes",
                            "slug": "bond-line-structures-alkanes-cycloalkanes",
                            "translatedCustomTitleTag": "",
                            "translatedDescription": "有机分子的性质取决于它的结构。同时对有机化合物的名字让我们可以和其他化学家交流。我们将会学习分子结构的不同方面，包括常见的官能团和构象异构体。",
                            "translatedTitle": "烷烃、环烷烃和官能团",
                            "unlistedAncestorIds": null
                        },
                        {
                            "__typename": "Unit",
                            "allOrderedChildren": [
                                {
                                    "__typename": "Lesson",
                                    "curatedChildren": [
                                        {
                                            "__typename": "Video",
                                            "canonicalUrl": "/science/organic-chemistry/stereochemistry-topic/chirality-r-s-system/v/introduction-to-chirality",
                                            "contentDescriptor": "Video:2600617",
                                            "contentKind": "Video",
                                            "id": "2600617",
                                            "parentTopic": {
                                                "__typename": "Topic",
                                                "id": "x4bf8c782",
                                                "parent": {
                                                    "__typename": "Topic",
                                                    "id": "xf2909c8a",
                                                    "masteryEnabled": false
                                                }
                                            },
                                            "progressKey": "v2600617",
                                            "slug": "introduction-to-chirality",
                                            "translatedCustomTitleTag": "",
                                            "translatedDescription": "手性介绍，以及手性如何与中心碳结合的基团相关。 ",
                                            "translatedTitle": "手性的简介",
                                            "urlWithinCurationNode": "/science/organic-chemistry/stereochemistry-topic/chirality-r-s-system/v/introduction-to-chirality"
                                        },
                                        {
                                            "__typename": "Video",
                                            "canonicalUrl": "/science/organic-chemistry/stereochemistry-topic/chirality-r-s-system/v/chiral-examples-1",
                                            "contentDescriptor": "Video:2600618",
                                            "contentKind": "Video",
                                            "id": "2600618",
                                            "parentTopic": {
                                                "__typename": "Topic",
                                                "id": "x4bf8c782",
                                                "parent": {
                                                    "__typename": "Topic",
                                                    "id": "xf2909c8a",
                                                    "masteryEnabled": false
                                                }
                                            },
                                            "progressKey": "v2600618",
                                            "slug": "chiral-examples-1",
                                            "translatedCustomTitleTag": "",
                                            "translatedDescription": "手性例子1",
                                            "translatedTitle": "手性例子1",
                                            "urlWithinCurationNode": "/science/organic-chemistry/stereochemistry-topic/chirality-r-s-system/v/chiral-examples-1"
                                        },
                                        {
                                            "__typename": "Video",
                                            "canonicalUrl": "/science/organic-chemistry/stereochemistry-topic/chirality-r-s-system/v/chiral-examples-2",
                                            "contentDescriptor": "Video:2600619",
                                            "contentKind": "Video",
                                            "id": "2600619",
                                            "parentTopic": {
                                                "__typename": "Topic",
                                                "id": "x4bf8c782",
                                                "parent": {
                                                    "__typename": "Topic",
                                                    "id": "xf2909c8a",
                                                    "masteryEnabled": false
                                                }
                                            },
                                            "progressKey": "v2600619",
                                            "slug": "chiral-examples-2",
                                            "translatedCustomTitleTag": "",
                                            "translatedDescription": "手性例子2",
                                            "translatedTitle": "手性例子2",
                                            "urlWithinCurationNode": "/science/organic-chemistry/stereochemistry-topic/chirality-r-s-system/v/chiral-examples-2"
                                        }
                                    ],
                                    "id": "x4bf8c782",
                                    "key": "ag5zfmtoYW4tYWNhZGVteXIUCxIFVG9waWMiCXg0YmY4Yzc4Mgw",
                                    "relativeUrl": "/science/organic-chemistry/stereochemistry-topic/chirality-r-s-system",
                                    "slug": "chirality-r-s-system",
                                    "translatedDescription": "",
                                    "translatedTitle": "手性"
                                },
                                {
                                    "__typename": "Lesson",
                                    "curatedChildren": [
                                        {
                                            "__typename": "Video",
                                            "canonicalUrl": "/science/organic-chemistry/stereochemistry-topic/optical-activity/v/cahn-ingold-prelog-system-for-naming-enantiomers",
                                            "contentDescriptor": "Video:2600620",
                                            "contentKind": "Video",
                                            "id": "2600620",
                                            "parentTopic": {
                                                "__typename": "Topic",
                                                "id": "x65cd8a43",
                                                "parent": {
                                                    "__typename": "Topic",
                                                    "id": "xf2909c8a",
                                                    "masteryEnabled": false
                                                }
                                            },
                                            "progressKey": "v2600620",
                                            "slug": "cahn-ingold-prelog-system-for-naming-enantiomers",
                                            "translatedCustomTitleTag": "",
                                            "translatedDescription": "用于命名对映体的Cahn-Ingold-Prelog系统",
                                            "translatedTitle": "用于命名对映体的Cahn-Ingold-Prelog系统",
                                            "urlWithinCurationNode": "/science/organic-chemistry/stereochemistry-topic/optical-activity/v/cahn-ingold-prelog-system-for-naming-enantiomers"
                                        }
                                    ],
                                    "id": "x65cd8a43",
                                    "key": "ag5zfmtoYW4tYWNhZGVteXIUCxIFVG9waWMiCXg2NWNkOGE0Mww",
                                    "relativeUrl": "/science/organic-chemistry/stereochemistry-topic/optical-activity",
                                    "slug": "optical-activity",
                                    "translatedDescription": "",
                                    "translatedTitle": "对映体"
                                },
                                {
                                    "__typename": "Lesson",
                                    "curatedChildren": [
                                        {
                                            "__typename": "Video",
                                            "canonicalUrl": "/science/organic-chemistry/stereochemistry-topic/diastereomers-meso-compounds/v/stereoisomers-enantiomers-diastereomers-constitutional-isomers-and-meso-compounds",
                                            "contentDescriptor": "Video:2600622",
                                            "contentKind": "Video",
                                            "id": "2600622",
                                            "parentTopic": {
                                                "__typename": "Topic",
                                                "id": "x4f5d2bbd",
                                                "parent": {
                                                    "__typename": "Topic",
                                                    "id": "xf2909c8a",
                                                    "masteryEnabled": false
                                                }
                                            },
                                            "progressKey": "v2600622",
                                            "slug": "stereoisomers-enantiomers-diastereomers-constitutional-isomers-and-meso-compounds",
                                            "translatedCustomTitleTag": "",
                                            "translatedDescription": "立体异构体，对映异构体，非对映异构体，组成异构体和内消旋化合物",
                                            "translatedTitle": "立体异构体，对映异构体，非对映异构体，组成异构体和内消旋化合物",
                                            "urlWithinCurationNode": "/science/organic-chemistry/stereochemistry-topic/diastereomers-meso-compounds/v/stereoisomers-enantiomers-diastereomers-constitutional-isomers-and-meso-compounds"
                                        }
                                    ],
                                    "id": "x4f5d2bbd",
                                    "key": "ag5zfmtoYW4tYWNhZGVteXIUCxIFVG9waWMiCXg0ZjVkMmJiZAw",
                                    "relativeUrl": "/science/organic-chemistry/stereochemistry-topic/diastereomers-meso-compounds",
                                    "slug": "diastereomers-meso-compounds",
                                    "translatedDescription": "",
                                    "translatedTitle": "立体异构关系"
                                }
                            ],
                            "iconPath": "https://cdn.kastatic.org/genfiles/topic-icons/icons/chemistry_flask.png-840f09-128c.png",
                            "id": "xf2909c8a",
                            "isListedForLearners": true,
                            "masteryEnabled": false,
                            "relativeUrl": "/science/organic-chemistry/stereochemistry-topic",
                            "slug": "stereochemistry-topic",
                            "translatedCustomTitleTag": "",
                            "translatedDescription": "就像你的左脚不太适合你的右鞋一样，分子也可以具有依赖于它们的手性的特性！此属性称为手性。我们将讨论通过使用R，S系统，光学活性和Fischer投影来探究分子手性，立体异构体，分配配置的原因。",
                            "translatedTitle": "立体化学",
                            "unlistedAncestorIds": null
                        },
                        {
                            "__typename": "Unit",
                            "allOrderedChildren": [
                                {
                                    "__typename": "Lesson",
                                    "curatedChildren": [
                                        {
                                            "__typename": "Video",
                                            "canonicalUrl": "/science/organic-chemistry/substitution-elimination-reactions/free-radical-reaction-alkanes/v/free-radical-reactions",
                                            "contentDescriptor": "Video:62",
                                            "contentKind": "Video",
                                            "id": "62",
                                            "parentTopic": {
                                                "__typename": "Topic",
                                                "id": "x09c75f63",
                                                "parent": {
                                                    "__typename": "Topic",
                                                    "id": "x00b805dc",
                                                    "masteryEnabled": false
                                                }
                                            },
                                            "progressKey": "v62",
                                            "slug": "free-radical-reactions",
                                            "translatedCustomTitleTag": "",
                                            "translatedDescription": "自由基反应",
                                            "translatedTitle": "自由基反应",
                                            "urlWithinCurationNode": "/science/organic-chemistry/substitution-elimination-reactions/free-radical-reaction-alkanes/v/free-radical-reactions"
                                        }
                                    ],
                                    "id": "x09c75f63",
                                    "key": "ag5zfmtoYW4tYWNhZGVteXIUCxIFVG9waWMiCXgwOWM3NWY2Mww",
                                    "relativeUrl": "/science/organic-chemistry/substitution-elimination-reactions/free-radical-reaction-alkanes",
                                    "slug": "free-radical-reaction-alkanes",
                                    "translatedDescription": "",
                                    "translatedTitle": "自由基反应"
                                },
                                {
                                    "__typename": "Lesson",
                                    "curatedChildren": [
                                        {
                                            "__typename": "Video",
                                            "canonicalUrl": "/science/organic-chemistry/substitution-elimination-reactions/nucleophilicity-basicity-sal/v/nucleophilicity-nucleophile-strength",
                                            "contentDescriptor": "Video:54",
                                            "contentKind": "Video",
                                            "id": "54",
                                            "parentTopic": {
                                                "__typename": "Topic",
                                                "id": "x5c937415",
                                                "parent": {
                                                    "__typename": "Topic",
                                                    "id": "x00b805dc",
                                                    "masteryEnabled": false
                                                }
                                            },
                                            "progressKey": "v54",
                                            "slug": "nucleophilicity-nucleophile-strength",
                                            "translatedCustomTitleTag": "",
                                            "translatedDescription": "亲核性 (亲核强度)",
                                            "translatedTitle": "亲核性 (亲核强度)",
                                            "urlWithinCurationNode": "/science/organic-chemistry/substitution-elimination-reactions/nucleophilicity-basicity-sal/v/nucleophilicity-nucleophile-strength"
                                        },
                                        {
                                            "__typename": "Video",
                                            "canonicalUrl": "/science/organic-chemistry/substitution-elimination-reactions/nucleophilicity-basicity-sal/v/nucleophilicity-vs-basicity",
                                            "contentDescriptor": "Video:55",
                                            "contentKind": "Video",
                                            "id": "55",
                                            "parentTopic": {
                                                "__typename": "Topic",
                                                "id": "x5c937415",
                                                "parent": {
                                                    "__typename": "Topic",
                                                    "id": "x00b805dc",
                                                    "masteryEnabled": false
                                                }
                                            },
                                            "progressKey": "v55",
                                            "slug": "nucleophilicity-vs-basicity",
                                            "translatedCustomTitleTag": "",
                                            "translatedDescription": "亲核与碱度。它意味着亲核基和碱之间的区别",
                                            "translatedTitle": "亲核vs.碱性",
                                            "urlWithinCurationNode": "/science/organic-chemistry/substitution-elimination-reactions/nucleophilicity-basicity-sal/v/nucleophilicity-vs-basicity"
                                        }
                                    ],
                                    "id": "x5c937415",
                                    "key": "ag5zfmtoYW4tYWNhZGVteXIUCxIFVG9waWMiCXg1YzkzNzQxNQw",
                                    "relativeUrl": "/science/organic-chemistry/substitution-elimination-reactions/nucleophilicity-basicity-sal",
                                    "slug": "nucleophilicity-basicity-sal",
                                    "translatedDescription": "",
                                    "translatedTitle": "亲核和碱性"
                                },
                                {
                                    "__typename": "Lesson",
                                    "curatedChildren": [
                                        {
                                            "__typename": "Video",
                                            "canonicalUrl": "/science/organic-chemistry/substitution-elimination-reactions/elimination-reactions-tutorial/v/e2-reactions",
                                            "contentDescriptor": "Video:56",
                                            "contentKind": "Video",
                                            "id": "56",
                                            "parentTopic": {
                                                "__typename": "Topic",
                                                "id": "x6724bc30",
                                                "parent": {
                                                    "__typename": "Topic",
                                                    "id": "x00b805dc",
                                                    "masteryEnabled": false
                                                }
                                            },
                                            "progressKey": "v56",
                                            "slug": "e2-reactions",
                                            "translatedCustomTitleTag": "",
                                            "translatedDescription": "E2 消除反应",
                                            "translatedTitle": "E2 反应",
                                            "urlWithinCurationNode": "/science/organic-chemistry/substitution-elimination-reactions/elimination-reactions-tutorial/v/e2-reactions"
                                        },
                                        {
                                            "__typename": "Video",
                                            "canonicalUrl": "/science/organic-chemistry/substitution-elimination-reactions/elimination-reactions-tutorial/v/e1-reactions",
                                            "contentDescriptor": "Video:57",
                                            "contentKind": "Video",
                                            "id": "57",
                                            "parentTopic": {
                                                "__typename": "Topic",
                                                "id": "x6724bc30",
                                                "parent": {
                                                    "__typename": "Topic",
                                                    "id": "x00b805dc",
                                                    "masteryEnabled": false
                                                }
                                            },
                                            "progressKey": "v57",
                                            "slug": "e1-reactions",
                                            "translatedCustomTitleTag": "",
                                            "translatedDescription": "E1 消除反应",
                                            "translatedTitle": "E1反应",
                                            "urlWithinCurationNode": "/science/organic-chemistry/substitution-elimination-reactions/elimination-reactions-tutorial/v/e1-reactions"
                                        },
                                        {
                                            "__typename": "Video",
                                            "canonicalUrl": "/science/organic-chemistry/substitution-elimination-reactions/elimination-reactions-tutorial/v/zaitsev-s-rule",
                                            "contentDescriptor": "Video:58",
                                            "contentKind": "Video",
                                            "id": "58",
                                            "parentTopic": {
                                                "__typename": "Topic",
                                                "id": "x6724bc30",
                                                "parent": {
                                                    "__typename": "Topic",
                                                    "id": "x00b805dc",
                                                    "masteryEnabled": false
                                                }
                                            },
                                            "progressKey": "v58",
                                            "slug": "zaitsev-s-rule",
                                            "translatedCustomTitleTag": "",
                                            "translatedDescription": "扎伊特夫关于E2和E1反应的规则",
                                            "translatedTitle": "查依采夫规则",
                                            "urlWithinCurationNode": "/science/organic-chemistry/substitution-elimination-reactions/elimination-reactions-tutorial/v/zaitsev-s-rule"
                                        }
                                    ],
                                    "id": "x6724bc30",
                                    "key": "ag5zfmtoYW4tYWNhZGVteXIUCxIFVG9waWMiCXg2NzI0YmMzMAw",
                                    "relativeUrl": "/science/organic-chemistry/substitution-elimination-reactions/elimination-reactions-tutorial",
                                    "slug": "elimination-reactions-tutorial",
                                    "translatedDescription": "",
                                    "translatedTitle": "消除反应"
                                },
                                {
                                    "__typename": "Lesson",
                                    "curatedChildren": [
                                        {
                                            "__typename": "Video",
                                            "canonicalUrl": "/science/organic-chemistry/substitution-elimination-reactions/sn1-sn2-e1-e2-sal/v/e2-e1-sn2-sn1-reactions-example-2",
                                            "contentDescriptor": "Video:60",
                                            "contentKind": "Video",
                                            "id": "60",
                                            "parentTopic": {
                                                "__typename": "Topic",
                                                "id": "xfc5290e2",
                                                "parent": {
                                                    "__typename": "Topic",
                                                    "id": "x00b805dc",
                                                    "masteryEnabled": false
                                                }
                                            },
                                            "progressKey": "v60",
                                            "slug": "e2-e1-sn2-sn1-reactions-example-2",
                                            "translatedCustomTitleTag": "",
                                            "translatedDescription": "E2 E1 Sn2 Sn1 反应示例2",
                                            "translatedTitle": "E2 E1 Sn2 Sn1 反应示例2",
                                            "urlWithinCurationNode": "/science/organic-chemistry/substitution-elimination-reactions/sn1-sn2-e1-e2-sal/v/e2-e1-sn2-sn1-reactions-example-2"
                                        }
                                    ],
                                    "id": "xfc5290e2",
                                    "key": "ag5zfmtoYW4tYWNhZGVteXIUCxIFVG9waWMiCXhmYzUyOTBlMgw",
                                    "relativeUrl": "/science/organic-chemistry/substitution-elimination-reactions/sn1-sn2-e1-e2-sal",
                                    "slug": "sn1-sn2-e1-e2-sal",
                                    "translatedDescription": "",
                                    "translatedTitle": "Sn1/Sn2/E1/E2"
                                },
                                {
                                    "__typename": "Lesson",
                                    "curatedChildren": [
                                        {
                                            "__typename": "Video",
                                            "canonicalUrl": "/science/organic-chemistry/substitution-elimination-reactions/sn1-sn2-e1-e2-jay/v/elimination-vs-substitution-reagent",
                                            "contentDescriptor": "Video:x7a9df65a3ebcdb84",
                                            "contentKind": "Video",
                                            "id": "x7a9df65a3ebcdb84",
                                            "parentTopic": {
                                                "__typename": "Topic",
                                                "id": "x8a19f4ad",
                                                "parent": {
                                                    "__typename": "Topic",
                                                    "id": "x00b805dc",
                                                    "masteryEnabled": false
                                                }
                                            },
                                            "progressKey": "vx7a9df65a3ebcdb84",
                                            "slug": "elimination-vs-substitution-reagent",
                                            "translatedCustomTitleTag": "",
                                            "translatedDescription": "如何确定试剂是否会在反应中充当强碱或弱碱或亲核基。",
                                            "translatedTitle": "消除与替代反应: 试剂",
                                            "urlWithinCurationNode": "/science/organic-chemistry/substitution-elimination-reactions/sn1-sn2-e1-e2-jay/v/elimination-vs-substitution-reagent"
                                        }
                                    ],
                                    "id": "x8a19f4ad",
                                    "key": "ag5zfmtoYW4tYWNhZGVteXIUCxIFVG9waWMiCXg4YTE5ZjRhZAw",
                                    "relativeUrl": "/science/organic-chemistry/substitution-elimination-reactions/sn1-sn2-e1-e2-jay",
                                    "slug": "sn1-sn2-e1-e2-jay",
                                    "translatedDescription": "",
                                    "translatedTitle": "Sn1/Sn2/E1/E2"
                                }
                            ],
                            "iconPath": "https://cdn.kastatic.org/genfiles/topic-icons/icons/chemistry_flask.png-840f09-128c.png",
                            "id": "x00b805dc",
                            "isListedForLearners": true,
                            "masteryEnabled": false,
                            "relativeUrl": "/science/organic-chemistry/substitution-elimination-reactions",
                            "slug": "substitution-elimination-reactions",
                            "translatedCustomTitleTag": "",
                            "translatedDescription": "Sn1，Sn2，E1和E2反应是解释为什么某些产物比其他产物更容易形成的基础。我们将了解反应机制，以及如何使用亲核性和亲电性来选择不同的反应途径。 ",
                            "translatedTitle": "替代和消除反应",
                            "unlistedAncestorIds": null
                        },
                        {
                            "__typename": "Unit",
                            "allOrderedChildren": [
                                {
                                    "__typename": "Lesson",
                                    "curatedChildren": [
                                        {
                                            "__typename": "Video",
                                            "canonicalUrl": "/science/organic-chemistry/alkenes-alkynes/naming-alkenes/v/naming-alkenes-examples",
                                            "contentDescriptor": "Video:2600609",
                                            "contentKind": "Video",
                                            "id": "2600609",
                                            "parentTopic": {
                                                "__typename": "Topic",
                                                "id": "xfe1ed955",
                                                "parent": {
                                                    "__typename": "Topic",
                                                    "id": "x53149848",
                                                    "masteryEnabled": false
                                                }
                                            },
                                            "progressKey": "v2600609",
                                            "slug": "naming-alkenes-examples",
                                            "translatedCustomTitleTag": "",
                                            "translatedDescription": "命名烯烃的例子",
                                            "translatedTitle": "命名烯烃的例子",
                                            "urlWithinCurationNode": "/science/organic-chemistry/alkenes-alkynes/naming-alkenes/v/naming-alkenes-examples"
                                        },
                                        {
                                            "__typename": "Video",
                                            "canonicalUrl": "/science/organic-chemistry/alkenes-alkynes/naming-alkenes/v/cis-trans-and-e-z-naming-scheme-for-alkenes",
                                            "contentDescriptor": "Video:2729",
                                            "contentKind": "Video",
                                            "id": "2729",
                                            "parentTopic": {
                                                "__typename": "Topic",
                                                "id": "xfe1ed955",
                                                "parent": {
                                                    "__typename": "Topic",
                                                    "id": "x53149848",
                                                    "masteryEnabled": false
                                                }
                                            },
                                            "progressKey": "v2729",
                                            "slug": "cis-trans-and-e-z-naming-scheme-for-alkenes",
                                            "translatedCustomTitleTag": "",
                                            "translatedDescription": "烯烃的 Cis-Trans 和 E-Z 命名方案",
                                            "translatedTitle": "烯烃的顺式-反式（cis-trans） 和 E-Z 命名方案",
                                            "urlWithinCurationNode": "/science/organic-chemistry/alkenes-alkynes/naming-alkenes/v/cis-trans-and-e-z-naming-scheme-for-alkenes"
                                        },
                                        {
                                            "__typename": "Video",
                                            "canonicalUrl": "/science/organic-chemistry/alkenes-alkynes/naming-alkenes/v/entgegen-zusammen-naming-scheme-for-alkenes-examples",
                                            "contentDescriptor": "Video:2730",
                                            "contentKind": "Video",
                                            "id": "2730",
                                            "parentTopic": {
                                                "__typename": "Topic",
                                                "id": "xfe1ed955",
                                                "parent": {
                                                    "__typename": "Topic",
                                                    "id": "x53149848",
                                                    "masteryEnabled": false
                                                }
                                            },
                                            "progressKey": "v2730",
                                            "slug": "entgegen-zusammen-naming-scheme-for-alkenes-examples",
                                            "translatedCustomTitleTag": "",
                                            "translatedDescription": "Entgegen-Zusammen（E/Z）命名方案的烯烃实例",
                                            "translatedTitle": "Entgegen-Zusammen（E/Z）命名方案的烯烃实例",
                                            "urlWithinCurationNode": "/science/organic-chemistry/alkenes-alkynes/naming-alkenes/v/entgegen-zusammen-naming-scheme-for-alkenes-examples"
                                        }
                                    ],
                                    "id": "xfe1ed955",
                                    "key": "ag5zfmtoYW4tYWNhZGVteXIUCxIFVG9waWMiCXhmZTFlZDk1NQw",
                                    "relativeUrl": "/science/organic-chemistry/alkenes-alkynes/naming-alkenes",
                                    "slug": "naming-alkenes",
                                    "translatedDescription": "",
                                    "translatedTitle": "命名烯烃"
                                },
                                {
                                    "__typename": "Lesson",
                                    "curatedChildren": [
                                        {
                                            "__typename": "Video",
                                            "canonicalUrl": "/science/organic-chemistry/alkenes-alkynes/alkene-reactions/v/introduction-to-reaction-mechanisms",
                                            "contentDescriptor": "Video:4802246",
                                            "contentKind": "Video",
                                            "id": "4802246",
                                            "parentTopic": {
                                                "__typename": "Topic",
                                                "id": "x5d728e0b",
                                                "parent": {
                                                    "__typename": "Topic",
                                                    "id": "x53149848",
                                                    "masteryEnabled": false
                                                }
                                            },
                                            "progressKey": "v4802246",
                                            "slug": "introduction-to-reaction-mechanisms",
                                            "translatedCustomTitleTag": "",
                                            "translatedDescription": "反应机制简介。对烯烃的加成反应",
                                            "translatedTitle": "反应机制介绍",
                                            "urlWithinCurationNode": "/science/organic-chemistry/alkenes-alkynes/alkene-reactions/v/introduction-to-reaction-mechanisms"
                                        },
                                        {
                                            "__typename": "Video",
                                            "canonicalUrl": "/science/organic-chemistry/alkenes-alkynes/alkene-reactions/v/markovnikov-s-rule-and-carbocations",
                                            "contentDescriptor": "Video:4802247",
                                            "contentKind": "Video",
                                            "id": "4802247",
                                            "parentTopic": {
                                                "__typename": "Topic",
                                                "id": "x5d728e0b",
                                                "parent": {
                                                    "__typename": "Topic",
                                                    "id": "x53149848",
                                                    "masteryEnabled": false
                                                }
                                            },
                                            "progressKey": "v4802247",
                                            "slug": "markovnikov-s-rule-and-carbocations",
                                            "translatedCustomTitleTag": "",
                                            "translatedDescription": "马尔科夫尼科夫的规则和碳分子。确定哪种加成反应更有可能。",
                                            "translatedTitle": "马尔科夫尼科夫的规则和碳化物",
                                            "urlWithinCurationNode": "/science/organic-chemistry/alkenes-alkynes/alkene-reactions/v/markovnikov-s-rule-and-carbocations"
                                        },
                                        {
                                            "__typename": "Video",
                                            "canonicalUrl": "/science/organic-chemistry/alkenes-alkynes/alkene-reactions/v/polymerization-of-alkenes-with-acid",
                                            "contentDescriptor": "Video:4481799",
                                            "contentKind": "Video",
                                            "id": "4481799",
                                            "parentTopic": {
                                                "__typename": "Topic",
                                                "id": "x5d728e0b",
                                                "parent": {
                                                    "__typename": "Topic",
                                                    "id": "x53149848",
                                                    "masteryEnabled": false
                                                }
                                            },
                                            "progressKey": "v4481799",
                                            "slug": "polymerization-of-alkenes-with-acid",
                                            "translatedCustomTitleTag": "",
                                            "translatedDescription": "烯烃与酸的聚合",
                                            "translatedTitle": "烯烃与酸的聚合",
                                            "urlWithinCurationNode": "/science/organic-chemistry/alkenes-alkynes/alkene-reactions/v/polymerization-of-alkenes-with-acid"
                                        }
                                    ],
                                    "id": "x5d728e0b",
                                    "key": "ag5zfmtoYW4tYWNhZGVteXIUCxIFVG9waWMiCXg1ZDcyOGUwYgw",
                                    "relativeUrl": "/science/organic-chemistry/alkenes-alkynes/alkene-reactions",
                                    "slug": "alkene-reactions",
                                    "translatedDescription": "",
                                    "translatedTitle": "烯烃反应"
                                }
                            ],
                            "iconPath": "https://cdn.kastatic.org/genfiles/topic-icons/icons/chemistry_flask.png-840f09-128c.png",
                            "id": "x53149848",
                            "isListedForLearners": true,
                            "masteryEnabled": false,
                            "relativeUrl": "/science/organic-chemistry/alkenes-alkynes",
                            "slug": "alkenes-alkynes",
                            "translatedCustomTitleTag": "",
                            "translatedDescription": "烯烃和炔烃可以转化为几乎任何其他可以命名的官能团！我们将回顾它们的命名，并了解使用烯烃和炔烃作为起始物的反应的巨大可能性。",
                            "translatedTitle": "烯烃和烷烃",
                            "unlistedAncestorIds": null
                        },
                        {
                            "__typename": "Unit",
                            "allOrderedChildren": [],
                            "iconPath": "https://cdn.kastatic.org/genfiles/topic-icons/icons/chemistry_flask.png-840f09-128c.png",
                            "id": "xa3d20bbd",
                            "isListedForLearners": false,
                            "masteryEnabled": false,
                            "relativeUrl": "/science/organic-chemistry/alcohols-ethers-epoxides-sulfides",
                            "slug": "alcohols-ethers-epoxides-sulfides",
                            "translatedCustomTitleTag": "",
                            "translatedDescription": "醇和巯基是重要的功能基团，用途广泛涵盖从酶的反应到制造软性隐形眼镜的应用。我们将讨论命名含氧和含硫的化合物。然后我们将学习一些涉及到醇类，醚类，环氧化物，硫醇以及硫化物作为反应物和产物的反应。",
                            "translatedTitle": "醇类，醚类，环氧化物，硫化物",
                            "unlistedAncestorIds": [
                                "x00000000",
                                "x1079cbfa",
                                "xb92336a2"
                            ]
                        },
                        {
                            "__typename": "Unit",
                            "allOrderedChildren": [],
                            "iconPath": "https://cdn.kastatic.org/genfiles/topic-icons/icons/chemistry_flask.png-840f09-128c.png",
                            "id": "x6b80168b",
                            "isListedForLearners": false,
                            "masteryEnabled": false,
                            "relativeUrl": "/science/organic-chemistry/conjugation-diels-alder-mo-theory",
                            "slug": "conjugation-diels-alder-mo-theory",
                            "translatedCustomTitleTag": "",
                            "translatedDescription": "具有共轭的分子会经历一些有趣并且有用的反应！我们将学习狄尔斯–阿尔德反应，包括如何基于二烯和亲二烯体预测产物的立体化学和区域化学。  ",
                            "translatedTitle": "共轭系统和周环反应",
                            "unlistedAncestorIds": [
                                "x00000000",
                                "x1079cbfa",
                                "xb92336a2"
                            ]
                        },
                        {
                            "__typename": "Unit",
                            "allOrderedChildren": [],
                            "iconPath": "https://cdn.kastatic.org/genfiles/topic-icons/icons/chemistry_flask.png-840f09-128c.png",
                            "id": "xa5a6b96a",
                            "isListedForLearners": false,
                            "masteryEnabled": false,
                            "relativeUrl": "/science/organic-chemistry/aromatic-compounds",
                            "slug": "aromatic-compounds",
                            "translatedCustomTitleTag": "",
                            "translatedDescription": "芳香族的独特的电子结构导致一些独特的反应！我们将讨论苯的衍生物的命名，芳香族化合物的稳定性，亲电芳香取代和亲核芳香取代。",
                            "translatedTitle": "芳香族化合物",
                            "unlistedAncestorIds": [
                                "x00000000",
                                "x1079cbfa",
                                "xb92336a2"
                            ]
                        },
                        {
                            "__typename": "Unit",
                            "allOrderedChildren": [],
                            "iconPath": "https://cdn.kastatic.org/genfiles/topic-icons/icons/chemistry_flask.png-840f09-128c.png",
                            "id": "x550a9280",
                            "isListedForLearners": false,
                            "masteryEnabled": false,
                            "relativeUrl": "/science/organic-chemistry/aldehydes-ketones",
                            "slug": "aldehydes-ketones",
                            "translatedCustomTitleTag": "",
                            "translatedDescription": "醛和酮可以作为一系列其他官能团的原料。我们将学习醛和酮的命名和反应，包括如何使用乙醛作为保护基团。 ",
                            "translatedTitle": "醛和酮",
                            "unlistedAncestorIds": [
                                "x00000000",
                                "x1079cbfa",
                                "xb92336a2"
                            ]
                        },
                        {
                            "__typename": "Unit",
                            "allOrderedChildren": [
                                {
                                    "__typename": "Lesson",
                                    "curatedChildren": [
                                        {
                                            "__typename": "Video",
                                            "canonicalUrl": "/science/organic-chemistry/carboxylic-acids-derivatives/formation-carboxylic-acid-derivatives-sal/v/acid-chloride-formation",
                                            "contentDescriptor": "Video:6022773",
                                            "contentKind": "Video",
                                            "id": "6022773",
                                            "parentTopic": {
                                                "__typename": "Topic",
                                                "id": "xf50b3adf",
                                                "parent": {
                                                    "__typename": "Topic",
                                                    "id": "xc8b79fc3",
                                                    "masteryEnabled": false
                                                }
                                            },
                                            "progressKey": "v6022773",
                                            "slug": "acid-chloride-formation",
                                            "translatedCustomTitleTag": "",
                                            "translatedDescription": "乙酸变酰基氯的机制。可以普遍用于由羧酸形成酸化卤的反应。",
                                            "translatedTitle": "酸氯化物的形成",
                                            "urlWithinCurationNode": "/science/organic-chemistry/carboxylic-acids-derivatives/formation-carboxylic-acid-derivatives-sal/v/acid-chloride-formation"
                                        }
                                    ],
                                    "id": "xf50b3adf",
                                    "key": "ag5zfmtoYW4tYWNhZGVteXIUCxIFVG9waWMiCXhmNTBiM2FkZgw",
                                    "relativeUrl": "/science/organic-chemistry/carboxylic-acids-derivatives/formation-carboxylic-acid-derivatives-sal",
                                    "slug": "formation-carboxylic-acid-derivatives-sal",
                                    "translatedDescription": "",
                                    "translatedTitle": "羧酸衍生物的形成"
                                }
                            ],
                            "iconPath": "https://cdn.kastatic.org/genfiles/topic-icons/icons/chemistry_flask.png-840f09-128c.png",
                            "id": "xc8b79fc3",
                            "isListedForLearners": true,
                            "masteryEnabled": false,
                            "relativeUrl": "/science/organic-chemistry/carboxylic-acids-derivatives",
                            "slug": "carboxylic-acids-derivatives",
                            "translatedCustomTitleTag": "",
                            "translatedDescription": "你知道吗，许多水果的香味，包括香蕉（醋酸异戊酯）和菠萝（丁酸乙酯）都来自含有酯基团的分子？这些化合物可以通过一种叫做 Fischer 酯化反应的反应从羧酸合成。我们将在这一节涵盖羧酸的命名，以及各种羧酸的化学衍生物，如酸性氯化物，酰胺，酯类和酸酐。 ",
                            "translatedTitle": "羧酸及其衍生物",
                            "unlistedAncestorIds": null
                        },
                        {
                            "__typename": "Unit",
                            "allOrderedChildren": [],
                            "iconPath": "https://cdn.kastatic.org/genfiles/topic-icons/icons/chemistry_flask.png-840f09-128c.png",
                            "id": "xc048e3d5",
                            "isListedForLearners": false,
                            "masteryEnabled": false,
                            "relativeUrl": "/science/organic-chemistry/ochem-alpha-carbon-chemistry",
                            "slug": "ochem-alpha-carbon-chemistry",
                            "translatedCustomTitleTag": "",
                            "translatedDescription": "从醛或酮基团到的一种碳是α碳。与α碳结合的看似无害的氢可以参与一些经典的有机化学反应，如醛凝析。我们将学习烯醇阴离子的形成，以及它们如何在阿尔多凝析中用于构建复杂的有机分子。 ",
                            "translatedTitle": "阿尔法-碳化学",
                            "unlistedAncestorIds": [
                                "x00000000",
                                "x1079cbfa",
                                "xb92336a2"
                            ]
                        },
                        {
                            "__typename": "Unit",
                            "allOrderedChildren": [
                                {
                                    "__typename": "Lesson",
                                    "curatedChildren": [
                                        {
                                            "__typename": "Video",
                                            "canonicalUrl": "/science/organic-chemistry/amines-topic/naming-amines/v/amine-naming-introduction",
                                            "contentDescriptor": "Video:6022760",
                                            "contentKind": "Video",
                                            "id": "6022760",
                                            "parentTopic": {
                                                "__typename": "Topic",
                                                "id": "x49e1a7af",
                                                "parent": {
                                                    "__typename": "Topic",
                                                    "id": "x56be16f4",
                                                    "masteryEnabled": false
                                                }
                                            },
                                            "progressKey": "v6022760",
                                            "slug": "amine-naming-introduction",
                                            "translatedCustomTitleTag": "",
                                            "translatedDescription": "胺命名介绍。",
                                            "translatedTitle": "胺命名介绍",
                                            "urlWithinCurationNode": "/science/organic-chemistry/amines-topic/naming-amines/v/amine-naming-introduction"
                                        },
                                        {
                                            "__typename": "Video",
                                            "canonicalUrl": "/science/organic-chemistry/amines-topic/naming-amines/v/amine-naming-2",
                                            "contentDescriptor": "Video:6022761",
                                            "contentKind": "Video",
                                            "id": "6022761",
                                            "parentTopic": {
                                                "__typename": "Topic",
                                                "id": "x49e1a7af",
                                                "parent": {
                                                    "__typename": "Topic",
                                                    "id": "x56be16f4",
                                                    "masteryEnabled": false
                                                }
                                            },
                                            "progressKey": "v6022761",
                                            "slug": "amine-naming-2",
                                            "translatedCustomTitleTag": "",
                                            "translatedDescription": "胺命名 2。",
                                            "translatedTitle": "胺命名 2",
                                            "urlWithinCurationNode": "/science/organic-chemistry/amines-topic/naming-amines/v/amine-naming-2"
                                        }
                                    ],
                                    "id": "x49e1a7af",
                                    "key": "ag5zfmtoYW4tYWNhZGVteXIUCxIFVG9waWMiCXg0OWUxYTdhZgw",
                                    "relativeUrl": "/science/organic-chemistry/amines-topic/naming-amines",
                                    "slug": "naming-amines",
                                    "translatedDescription": "",
                                    "translatedTitle": "命名胺"
                                }
                            ],
                            "iconPath": "https://cdn.kastatic.org/genfiles/topic-icons/icons/chemistry_flask.png-840f09-128c.png",
                            "id": "x56be16f4",
                            "isListedForLearners": true,
                            "masteryEnabled": false,
                            "relativeUrl": "/science/organic-chemistry/amines-topic",
                            "slug": "amines-topic",
                            "translatedCustomTitleTag": "",
                            "translatedDescription": "胺存在于许多生物活性分子中。两个例子是合适命名过的腐胺和尸胺。这是由氨基酸的分解形成的。我们将讨论 IUPAC 胺的命名法。 ",
                            "translatedTitle": "胺",
                            "unlistedAncestorIds": null
                        },
                        {
                            "__typename": "Unit",
                            "allOrderedChildren": [],
                            "iconPath": "https://cdn.kastatic.org/genfiles/topic-icons/icons/chemistry_flask.png-840f09-128c.png",
                            "id": "x8adbb6ac",
                            "isListedForLearners": false,
                            "masteryEnabled": false,
                            "relativeUrl": "/science/organic-chemistry/spectroscopy-jay",
                            "slug": "spectroscopy-jay",
                            "translatedCustomTitleTag": "",
                            "translatedDescription": "光谱学是对光与物质相互作用的研究。我们可以用光谱学来确定有机化合物的结构和官能团。我们将学习如何使用红外光谱、UV/Vis 和核磁共振光谱。",
                            "translatedTitle": "光谱学",
                            "unlistedAncestorIds": [
                                "x00000000",
                                "x1079cbfa",
                                "xb92336a2"
                            ]
                        }
                    ],
                    "userAuthoredContentTypes": []
                },
                "lesson": null
            },
            "resolvedPath": "science/organic-chemistry",
            "unlistedPathData": null
        },
        "publishedContentVersion": {
            "__typename": "PublishedContentVersion",
            "contentVersion": "c2d528656822539db0160e2d50ff3d2d1a9b2ec7"
        }
    }
}